fecha,T2M,PRECTOTCORR,PS,RH2M,WS2M,ALLSKY_SFC_SW_DWN,CLOUD_AMT
2025100100,13.4,0.17,73.76,81.61,1.54,0.0,62.2
2025100101,12.8,0.17,73.68,84.29,1.13,0.0,54.74
2025100102,12.6,0.11,73.64,85.57,0.95,0.0,55.65
2025100103,12.2,0.11,73.64,85.66,0.81,0.0,57.85
2025100104,11.8,0.08,73.62,84.11,0.8,0.0,56.13
2025100105,11.4,0.04,73.68,80.83,0.94,0.0,54.2
2025100106,11.4,0.1,73.72,71.91,0.97,48.98,51.98
2025100107,14.5,0.18,73.79,58.4,1.74,237.28,53.61
2025100108,17.1,1.66,73.84,46.59,2.29,457.68,55.83
2025100109,20.0,4.45,73.83,41.15,2.7,676.0,53.5
2025100110,22.2,5.69,73.84,33.68,3.27,835.93,46.78
2025100111,24.0,5.34,73.78,33.72,3.94,926.17,47.29
2025100112,24.7,2.99,73.7,35.22,4.51,917.17,53.17
2025100113,24.6,1.84,73.62,34.94,4.88,773.36,78.09
2025100114,24.7,1.18,73.59,37.15,5.0,600.31,77.89
2025100115,23.7,0.2,73.55,39.0,5.1,422.94,78.66
2025100116,21.8,0.53,73.54,43.91,5.01,232.26,79.4
2025100117,19.9,0.65,73.6,49.88,4.7,86.34,74.21
2025100118,17.7,0.37,73.67,58.47,3.72,0.0,81.17
2025100119,16.6,0.73,73.77,67.13,3.0,0.0,82.3
2025100120,15.8,0.89,73.84,68.85,2.51,0.0,80.66
2025100121,15.1,1.75,73.87,72.98,2.0,0.0,77.43
2025100122,14.2,0.67,73.88,75.5,1.81,0.0,79.96
2025100123,13.5,0.69,73.88,77.08,1.61,0.0,75.44
2025100200,11.9,0.28,73.85,80.43,1.73,0.0,67.04
2025100201,11.3,0.26,73.8,80.24,1.31,0.0,60.91
2025100202,11.0,0.8,73.75,79.28,1.11,0.0,64.16
2025100203,10.6,0.42,73.74,80.24,1.23,0.0,65.36
2025100204,10.2,0.48,73.74,78.31,1.29,0.0,61.24
2025100205,10.2,0.42,73.79,77.97,1.13,0.0,55.46
2025100206,10.3,0.52,73.85,77.46,0.94,45.35,54.32
2025100207,12.4,0.25,73.92,70.38,1.38,237.77,55.64
2025100208,15.5,0.35,73.96,59.39,2.21,448.62,54.85
2025100209,17.8,0.71,73.96,52.31,2.66,673.34,51.93
2025100210,19.9,0.51,73.95,46.02,3.01,825.69,38.13
2025100211,21.4,0.51,73.89,42.27,3.82,914.29,36.82
2025100212,22.4,0.26,73.83,38.7,4.45,944.75,51.37
2025100213,22.9,0.19,73.76,39.12,4.76,860.34,72.43
2025100214,22.5,0.13,73.69,38.52,4.92,632.87,69.4
2025100215,21.8,0.14,73.64,41.28,5.03,448.7,76.03
2025100216,20.5,0.13,73.64,45.72,4.89,252.58,79.67
2025100217,18.9,0.13,73.7,53.28,4.6,87.63,75.14
2025100218,16.9,0.14,73.78,60.48,3.68,0.0,78.53
2025100219,15.7,0.26,73.87,68.52,2.95,0.0,77.01
2025100220,14.8,0.33,73.92,70.78,2.37,0.0,75.11
2025100221,14.0,0.35,73.98,74.15,2.05,0.0,73.71
2025100222,13.3,0.28,74.01,75.94,1.81,0.0,75.01
2025100223,12.5,0.31,73.99,76.75,1.68,0.0,71.6
2025100300,11.6,0.03,73.94,79.31,1.42,0.0,59.41
2025100301,11.0,0.26,73.91,79.75,1.12,0.0,51.21
2025100302,10.6,1.0,73.86,80.21,0.99,0.0,45.79
2025100303,10.1,0.34,73.85,82.48,0.9,0.0,50.28
2025100304,9.8,0.5,73.87,81.59,0.95,0.0,49.33
2025100305,9.5,0.37,73.91,79.33,1.02,0.0,44.14
2025100306,9.7,0.29,73.99,79.25,0.89,48.87,41.74
2025100307,12.0,0.58,74.04,68.11,1.38,254.23,42.5
2025100308,15.3,0.13,74.07,55.07,2.04,484.32,45.25
2025100309,17.7,0.21,74.08,45.5,2.61,709.42,38.35
2025100310,19.9,0.24,74.03,42.4,3.05,860.88,27.42
2025100311,21.9,0.57,73.96,38.9,3.84,956.55,29.31
2025100312,22.9,0.51,73.9,34.07,4.43,979.03,36.83
2025100313,23.8,0.72,73.82,33.22,4.71,915.33,57.16
2025100314,23.4,0.78,73.74,32.47,4.87,683.61,55.26
2025100315,22.8,0.34,73.7,37.02,5.1,494.54,57.31
2025100316,21.2,0.3,73.72,39.24,5.16,280.89,62.61
2025100317,19.2,0.16,73.76,46.36,4.99,102.47,56.95
2025100318,17.0,0.19,73.84,53.7,3.95,0.0,64.18
2025100319,15.7,0.31,73.92,60.83,2.98,0.0,70.57
2025100320,14.5,0.17,73.98,67.1,2.29,0.0,65.06
2025100321,13.6,0.31,74.05,71.28,1.76,0.0,62.77
2025100322,13.0,0.25,74.07,74.83,1.44,0.0,62.52
2025100323,12.2,0.39,74.04,77.43,1.3,0.0,49.03
2025100400,11.5,0.02,74.02,78.67,1.16,0.0,40.91
2025100401,10.9,0.3,73.98,79.88,1.04,0.0,27.36
2025100402,10.5,0.25,73.92,81.03,0.88,0.0,18.8
2025100403,9.9,0.36,73.91,82.27,0.82,0.0,19.41
2025100404,9.7,0.43,73.92,81.09,0.83,0.0,18.75
2025100405,9.4,0.34,73.96,81.87,0.91,0.0,19.62
2025100406,9.8,0.14,74.01,77.64,0.91,55.83,14.69
2025100407,13.2,0.14,74.07,65.2,1.89,270.42,15.91
2025100408,17.2,0.75,74.09,52.0,3.12,519.95,17.41
2025100409,19.9,0.58,74.1,42.87,3.67,745.29,14.1
2025100410,22.3,0.4,74.06,36.06,4.05,901.77,15.45
2025100411,24.2,0.42,74.01,33.58,4.73,1009.21,14.88
2025100412,25.0,0.32,73.92,30.29,5.21,1012.67,15.84
2025100413,25.2,0.34,73.85,30.05,5.66,919.95,31.55
2025100414,25.4,0.7,73.77,28.4,6.09,685.49,38.19
2025100415,24.6,0.55,73.72,29.94,6.29,523.32,34.1
2025100416,23.3,0.82,73.73,34.74,6.48,304.29,35.56
2025100417,20.7,0.77,73.79,40.32,5.95,104.2,31.26
2025100418,17.5,0.83,73.85,47.11,4.35,1.59,34.96
2025100419,15.9,1.78,73.95,57.73,2.87,0.0,41.42
2025100420,14.8,1.77,73.99,65.49,2.24,0.0,35.46
2025100421,13.8,1.1,74.07,70.69,1.6,0.0,36.12
2025100422,13.0,1.07,74.09,75.33,1.33,0.0,28.48
2025100423,12.2,0.49,74.07,77.72,1.21,0.0,23.68
2025100500,11.7,0.51,74.03,79.51,1.08,0.0,22.05
2025100501,11.0,0.71,74.01,80.4,1.08,0.0,19.69
2025100502,10.6,0.64,73.94,81.91,1.1,0.0,15.83
2025100503,10.4,0.44,73.92,82.76,1.09,0.0,14.95
2025100504,10.0,0.32,73.93,84.05,1.07,0.0,14.47
2025100505,9.7,0.26,73.96,85.0,0.99,0.0,16.39
2025100506,9.6,0.2,74.02,84.05,1.05,61.87,11.17
2025100507,13.6,0.26,74.06,63.57,2.15,287.71,12.89
2025100508,17.8,3.33,74.09,46.99,3.77,541.95,12.62
2025100509,20.8,2.71,74.1,36.77,4.42,778.69,12.2
2025100510,23.0,3.1,74.07,30.91,4.88,937.96,13.32
2025100511,25.0,4.26,74.01,27.59,5.23,1003.33,13.74
2025100512,25.8,6.09,73.94,25.94,5.59,1000.2,20.25
2025100513,26.3,7.39,73.82,25.93,5.94,881.67,23.72
2025100514,26.2,4.95,73.75,28.42,6.3,696.63,33.28
2025100515,25.6,4.95,73.7,30.16,6.45,557.39,26.53
2025100516,23.8,2.41,73.7,34.54,6.23,335.18,25.13
2025100517,21.2,1.76,73.74,39.62,5.8,111.78,22.19
2025100518,18.3,1.16,73.83,47.38,4.72,3.17,20.89
2025100519,16.5,1.69,73.91,57.72,3.45,0.0,20.8
2025100520,15.2,1.59,73.98,64.48,2.81,0.0,19.0
2025100521,14.2,1.55,74.06,70.37,2.54,0.0,21.58
2025100522,13.3,2.32,74.07,74.65,2.21,0.0,16.56
2025100523,12.8,1.46,74.06,78.0,1.89,0.0,18.38
2025100600,12.5,0.16,73.94,79.95,2.08,0.0,29.46
2025100601,11.9,0.55,73.89,82.01,1.67,0.0,17.09
2025100602,11.6,0.17,73.82,83.12,1.5,0.0,19.12
2025100603,11.1,0.58,73.79,87.16,1.24,0.0,27.0
2025100604,10.8,0.11,73.78,88.15,1.1,0.0,16.85
2025100605,10.6,0.14,73.78,87.88,1.15,0.0,23.95
2025100606,10.7,0.48,73.87,86.47,1.23,60.51,19.63
2025100607,13.9,0.82,73.91,68.59,2.43,283.57,19.37
2025100608,17.7,0.2,73.94,47.9,3.88,529.81,19.76
2025100609,20.5,0.15,73.94,37.78,4.57,747.12,11.91
2025100610,23.1,0.18,73.87,30.11,5.01,884.05,16.29
2025100611,24.8,0.25,73.8,26.2,5.46,922.07,25.6
2025100612,26.3,0.37,73.72,24.21,5.98,882.73,50.0
2025100613,27.2,0.62,73.6,23.93,6.49,786.79,63.6
2025100614,27.0,0.9,73.51,24.42,6.99,623.58,75.16
2025100615,26.1,1.06,73.47,27.35,7.15,442.94,72.55
2025100616,23.9,1.36,73.47,31.52,7.14,242.24,63.62
2025100617,21.6,1.48,73.52,39.46,6.3,87.54,54.77
2025100618,18.9,1.99,73.58,49.41,4.75,2.79,59.77
2025100619,16.8,3.07,73.64,59.37,3.8,0.0,62.54
2025100620,15.5,3.8,73.7,65.97,3.14,0.0,62.63
2025100621,14.5,4.11,73.75,71.74,2.59,0.0,71.11
2025100622,13.7,2.63,73.76,76.12,2.11,0.0,72.42
2025100623,13.2,3.44,73.73,80.14,1.76,0.0,63.51
2025100700,12.5,1.74,73.72,81.55,1.97,0.0,30.45
2025100701,12.0,2.5,73.69,86.05,1.71,0.0,16.79
2025100702,11.5,2.2,73.65,86.35,1.37,0.0,22.8
2025100703,11.0,2.61,73.63,87.58,1.2,0.0,34.96
2025100704,10.7,1.1,73.64,87.26,1.12,0.0,24.28
2025100705,10.7,1.09,73.67,86.14,1.14,0.0,30.17
2025100706,11.1,1.65,73.72,80.87,1.04,57.85,21.28
2025100707,14.2,1.05,73.81,66.07,2.08,273.18,19.05
2025100708,18.1,0.35,73.85,48.75,3.67,522.8,18.85
2025100709,20.9,0.25,73.84,37.06,4.68,726.18,14.0
2025100710,23.1,0.3,73.78,31.39,5.31,874.69,16.47
2025100711,24.6,0.39,73.73,28.03,5.82,911.04,29.81
2025100712,25.7,0.59,73.65,25.87,6.37,849.8,56.79
2025100713,25.9,1.02,73.54,27.73,6.88,725.16,69.88
2025100714,25.7,1.51,73.45,28.22,7.08,562.01,79.55
2025100715,24.3,2.09,73.43,30.37,7.07,377.76,79.51
2025100716,22.2,2.52,73.43,36.19,6.81,202.34,77.96
2025100717,20.4,3.11,73.48,44.62,6.11,77.12,72.7
2025100718,18.1,3.57,73.55,54.46,4.63,2.59,75.71
2025100719,16.3,4.54,73.61,65.41,3.54,0.0,74.93
2025100720,15.1,6.45,73.67,72.37,2.99,0.0,71.76
2025100721,14.3,6.85,73.72,77.17,2.52,0.0,74.2
2025100722,13.8,2.94,73.74,80.84,2.03,0.0,74.35
2025100723,13.3,1.98,73.7,83.87,1.71,0.0,71.15
2025100800,13.0,1.36,73.67,84.83,1.6,0.0,49.08
2025100801,12.8,1.19,73.62,86.75,1.58,0.0,35.79
2025100802,12.5,0.85,73.61,87.91,1.47,0.0,54.26
2025100803,12.0,0.7,73.58,87.55,1.3,0.0,55.08
2025100804,11.6,0.46,73.59,87.58,1.15,0.0,39.19
2025100805,11.4,0.45,73.64,84.01,1.3,0.0,37.68
2025100806,11.4,0.77,73.69,80.15,1.25,58.47,27.82
2025100807,13.8,0.94,73.76,70.52,1.91,269.56,21.63
2025100808,16.3,0.45,73.82,57.07,3.39,507.78,19.43
2025100809,19.5,0.35,73.81,42.45,4.64,736.93,17.04
2025100810,21.9,0.43,73.76,34.26,5.27,881.11,16.28
2025100811,23.5,0.46,73.72,30.56,5.71,940.21,24.98
2025100812,24.5,0.71,73.65,31.54,6.33,959.15,39.74
2025100813,24.0,1.04,73.56,31.92,6.87,811.85,49.43
2025100814,23.7,1.33,73.47,32.53,7.02,617.62,61.81
2025100815,22.5,1.68,73.45,34.56,6.94,437.41,59.81
2025100816,20.1,1.48,73.46,40.96,6.67,257.7,55.72
2025100817,18.3,1.47,73.51,50.13,5.87,94.33,53.6
2025100818,16.1,1.48,73.56,62.68,4.47,3.04,55.12
2025100819,14.8,1.62,73.65,71.53,3.51,0.0,51.18
2025100820,14.1,2.23,73.68,79.05,2.93,0.0,52.67
2025100821,13.4,3.2,73.74,82.48,2.27,0.0,48.83
2025100822,12.8,2.42,73.75,84.52,1.5,0.0,39.71
2025100823,12.3,1.48,73.72,87.47,1.26,0.0,49.27
2025100900,11.8,1.26,73.69,87.25,1.29,0.0,46.18
2025100901,11.4,1.21,73.65,87.53,1.5,0.0,35.81
2025100902,10.9,0.8,73.63,87.38,1.48,0.0,45.35
2025100903,10.4,0.78,73.61,85.29,1.33,0.0,43.08
2025100904,9.9,0.6,73.61,83.79,1.32,0.0,33.35
2025100905,9.6,0.68,73.65,84.43,1.33,0.0,28.99
2025100906,9.7,0.87,73.7,81.02,1.26,61.69,23.51
2025100907,12.7,0.93,73.75,68.56,2.02,282.95,21.18
2025100908,15.6,0.62,73.79,55.35,3.74,527.06,19.72
2025100909,19.6,0.36,73.79,40.49,4.78,759.66,17.92
2025100910,22.3,0.38,73.74,31.76,5.15,935.96,17.33
2025100911,24.3,0.5,73.66,28.52,5.55,1021.35,20.61
2025100912,25.1,0.57,73.61,29.6,6.3,1023.3,19.64
2025100913,24.8,0.57,73.52,30.52,6.84,951.42,25.74
2025100914,24.2,0.58,73.42,32.75,6.97,783.19,41.52
2025100915,22.8,0.45,73.39,34.71,6.98,610.45,39.94
2025100916,20.9,0.48,73.42,40.65,6.81,362.57,38.15
2025100917,19.0,0.68,73.48,48.29,5.98,120.52,35.23
2025100918,16.4,0.84,73.53,61.52,4.75,3.62,32.82
2025100919,14.9,0.96,73.62,72.58,3.61,0.0,35.95
2025100920,14.0,1.23,73.69,80.43,2.68,0.0,28.94
2025100921,13.3,1.36,73.75,84.09,2.13,0.0,23.79
2025100922,12.5,1.78,73.77,87.59,1.51,0.0,19.78
2025100923,11.8,1.3,73.76,90.99,1.21,0.0,18.05
2025101000,11.7,1.44,73.72,91.75,1.31,0.0,26.95
2025101001,11.3,1.72,73.68,91.68,1.09,0.0,20.36
2025101002,10.9,1.25,73.66,89.87,1.04,0.0,23.97
2025101003,10.4,0.97,73.63,87.83,0.99,0.0,20.05
2025101004,9.9,0.73,73.64,87.94,0.91,0.0,16.32
2025101005,9.3,0.59,73.67,86.56,1.02,0.0,21.26
2025101006,9.7,0.62,73.73,81.51,1.09,85.27,17.22
2025101007,12.6,0.5,73.77,63.67,1.85,329.12,17.3
2025101008,16.3,0.17,73.83,46.33,3.29,602.38,17.6
2025101009,20.1,0.12,73.83,32.57,4.65,836.9,11.95
2025101010,22.6,0.13,73.79,28.01,5.37,1005.22,10.01
2025101011,24.5,0.15,73.71,23.69,5.82,1075.98,15.65
2025101012,26.1,0.21,73.62,23.81,6.27,1068.37,15.25
2025101013,26.4,0.25,73.52,23.87,6.6,984.53,20.6
2025101014,26.2,0.3,73.43,25.62,6.77,822.33,27.47
2025101015,24.6,0.35,73.41,27.59,7.13,619.03,30.04
2025101016,22.6,0.31,73.42,36.2,7.1,373.43,29.31
2025101017,20.0,0.52,73.48,45.32,6.3,144.03,27.3
2025101018,17.2,0.55,73.56,57.15,4.85,4.85,24.89
2025101019,15.1,0.73,73.65,67.36,3.6,0.0,28.88
2025101020,14.0,0.8,73.73,76.65,2.58,0.0,24.01
2025101021,13.3,1.0,73.82,81.41,2.13,0.0,18.86
2025101022,12.7,1.2,73.81,84.44,1.7,0.0,15.76
2025101023,12.0,1.09,73.8,87.55,1.51,0.0,14.7
2025101100,12.0,0.79,73.76,88.91,1.38,0.0,24.7
2025101101,11.8,0.77,73.73,88.09,1.21,0.0,16.97
2025101102,11.3,0.69,73.71,87.98,1.15,0.0,17.95
2025101103,10.8,0.69,73.68,88.79,0.96,0.0,16.57
2025101104,10.3,0.91,73.67,88.66,0.82,0.0,12.54
2025101105,9.5,0.41,73.74,87.35,0.9,0.0,26.79
2025101106,9.7,0.41,73.78,81.68,1.06,97.43,20.87
2025101107,13.3,0.3,73.83,60.58,2.05,350.57,18.78
2025101108,17.6,0.13,73.91,42.55,3.03,622.14,17.48
2025101109,20.6,0.16,73.91,32.7,3.72,853.63,10.65
2025101110,23.1,0.16,73.88,27.32,4.19,1019.86,11.53
2025101111,25.0,0.34,73.86,25.59,4.62,1082.28,12.15
2025101112,26.1,0.45,73.79,24.85,5.02,1070.28,19.52
2025101113,26.2,0.73,73.71,26.24,5.43,956.69,29.9
2025101114,26.0,0.69,73.64,28.92,5.69,769.59,42.93
2025101115,24.6,0.83,73.59,31.79,6.23,559.82,40.82
2025101116,22.8,0.86,73.6,36.52,6.33,346.22,41.55
2025101117,20.5,1.01,73.64,44.96,5.99,127.22,35.74
2025101118,17.8,1.41,73.72,55.28,4.42,4.17,40.37
2025101119,16.2,2.12,73.78,64.65,3.11,0.0,44.31
2025101120,15.1,1.16,73.84,72.37,2.37,0.0,44.2
2025101121,14.3,2.8,73.89,79.22,2.07,0.0,43.8
2025101122,13.9,4.19,73.91,82.95,1.92,0.0,32.33
2025101123,13.4,2.46,73.92,85.78,1.75,0.0,31.23
2025101200,12.9,0.84,73.82,87.38,1.48,0.0,34.69
2025101201,12.6,0.53,73.78,87.31,1.32,0.0,27.89
2025101202,12.2,0.37,73.76,88.86,1.13,0.0,24.57
2025101203,11.8,0.51,73.75,90.35,1.0,0.0,21.13
2025101204,11.2,0.56,73.77,92.42,0.81,0.0,20.21
2025101205,10.6,0.4,73.8,94.3,0.8,0.0,35.92
2025101206,11.4,0.26,73.87,90.15,1.04,93.4,28.36
2025101207,14.3,0.23,73.92,70.62,2.4,344.85,28.41
2025101208,17.2,0.2,73.98,53.6,3.33,603.32,25.87
2025101209,19.8,0.21,73.98,44.59,3.81,835.71,16.34
2025101210,21.8,0.29,73.98,36.91,4.12,999.22,21.3
2025101211,23.4,0.53,73.94,33.72,4.51,1065.91,21.24
2025101212,24.6,0.77,73.86,30.57,4.89,1008.0,31.47
2025101213,25.1,0.7,73.78,30.18,5.31,818.48,55.61
2025101214,24.6,0.61,73.7,32.92,5.49,621.66,72.25
2025101215,23.9,0.7,73.68,34.05,5.6,405.88,66.7
2025101216,22.6,0.53,73.7,38.22,5.49,259.15,61.84
2025101217,20.5,0.71,73.74,45.54,4.94,96.51,57.87
2025101218,18.0,1.1,73.81,54.54,3.85,3.64,50.93
2025101219,16.3,1.85,73.89,62.89,3.1,0.0,50.53
2025101220,15.1,1.73,73.95,69.93,2.57,0.0,53.16
2025101221,14.5,2.47,74.02,75.78,2.31,0.0,54.51
2025101222,14.1,2.18,74.04,79.89,2.27,0.0,45.53
2025101223,13.7,1.44,74.02,82.93,2.19,0.0,37.42
2025101300,13.3,3.44,73.97,85.73,2.05,0.0,34.2
2025101301,12.9,7.08,73.94,87.78,1.74,0.0,34.57
2025101302,12.6,0.48,73.86,89.88,1.59,0.0,32.72
2025101303,12.2,1.1,73.84,90.79,1.24,0.0,30.43
2025101304,11.7,0.4,73.86,92.47,0.99,0.0,27.33
2025101305,11.3,0.28,73.88,92.59,0.83,0.0,32.1
2025101306,11.6,0.51,73.95,89.61,1.17,95.8,25.27
2025101307,14.2,0.48,74.02,73.69,2.61,334.9,24.82
2025101308,17.6,0.48,74.03,54.59,3.51,577.85,24.34
2025101309,20.4,0.28,74.05,43.6,3.92,797.45,20.9
2025101310,22.7,0.55,74.01,36.7,4.03,952.18,17.87
2025101311,24.6,0.5,73.91,33.18,4.46,993.2,29.08
2025101312,25.8,0.4,73.82,29.22,4.65,921.35,28.82
2025101313,26.4,0.54,73.75,27.72,4.92,784.12,54.0
2025101314,26.1,0.8,73.69,28.11,5.36,610.18,68.49
2025101315,25.1,1.48,73.64,30.17,5.38,428.94,63.66
2025101316,23.8,2.57,73.65,34.03,5.36,240.71,67.69
2025101317,21.5,2.81,73.67,41.75,5.12,89.13,62.5
2025101318,19.2,3.4,73.75,50.05,4.15,3.53,66.76
2025101319,17.3,3.86,73.81,59.41,3.45,0.0,70.53
2025101320,15.9,4.09,73.86,66.99,2.89,0.0,63.7
2025101321,14.9,4.22,73.89,75.07,2.53,0.0,69.32
2025101322,14.2,2.99,73.94,79.18,2.17,0.0,68.62
2025101323,13.7,1.84,73.89,83.24,1.96,0.0,45.18
2025101400,13.4,0.97,73.92,85.77,2.0,0.0,33.48
2025101401,13.0,1.35,73.86,87.85,1.78,0.0,38.23
2025101402,12.6,0.99,73.84,89.97,1.47,0.0,31.6
2025101403,12.2,0.61,73.81,90.76,1.22,0.0,30.22
2025101404,11.8,0.29,73.84,91.91,0.97,0.0,19.68
2025101405,11.4,0.16,73.87,90.86,0.79,0.0,25.83
2025101406,11.8,0.34,73.92,88.5,1.12,100.02,16.04
2025101407,14.7,0.36,73.96,71.41,2.29,346.23,12.76
2025101408,18.6,0.16,73.99,52.41,2.93,601.83,12.97
2025101409,21.6,0.13,74.0,41.1,3.6,797.41,15.17
2025101410,23.6,0.24,73.99,35.38,3.81,941.15,20.05
2025101411,25.2,0.33,73.96,31.4,4.23,976.79,20.85
2025101412,26.4,0.27,73.87,28.66,4.46,858.85,41.42
2025101413,26.8,0.62,73.77,28.63,4.91,725.38,66.2
2025101414,26.5,1.0,73.7,28.67,5.3,460.41,74.53
2025101415,25.1,2.03,73.67,30.09,5.29,329.44,69.59
2025101416,23.4,3.27,73.64,36.39,5.11,190.24,77.47
2025101417,21.5,3.99,73.69,45.03,4.85,75.98,75.51
2025101418,19.0,5.16,73.77,53.74,3.9,3.17,77.44
2025101419,17.3,6.49,73.83,63.28,3.26,0.0,77.94
2025101420,16.0,7.82,73.88,71.0,2.84,0.0,76.45
2025101421,15.0,8.07,73.93,77.8,2.34,0.0,73.24
2025101422,14.4,4.25,73.99,81.86,1.98,0.0,67.26
2025101423,13.9,2.56,73.96,85.42,1.76,0.0,46.38
2025101500,13.6,1.19,73.91,87.5,1.63,0.0,46.82
2025101501,13.2,1.11,73.88,89.27,1.39,0.0,50.69
2025101502,12.9,0.88,73.85,90.49,1.38,0.0,44.25
2025101503,12.7,0.72,73.82,90.93,1.14,0.0,39.82
2025101504,12.4,0.33,73.83,89.81,0.93,0.0,28.32
2025101505,12.0,0.33,73.86,89.02,0.81,0.0,30.89
2025101506,12.3,0.34,73.88,88.25,1.07,85.46,26.93
2025101507,14.5,0.68,73.93,75.17,1.89,306.05,25.82
2025101508,17.4,0.21,73.97,57.01,2.3,534.25,30.32
2025101509,20.3,0.15,73.98,43.0,2.97,749.67,13.67
2025101510,22.4,0.15,73.96,35.22,3.46,878.83,18.78
2025101511,24.2,0.22,73.93,33.11,3.95,967.46,24.56
2025101512,24.9,0.29,73.88,29.45,4.42,900.15,52.97
2025101513,25.2,0.53,73.79,30.39,4.81,753.16,68.67
2025101514,25.2,0.82,73.7,30.54,5.08,380.53,82.06
2025101515,23.9,1.4,73.66,33.6,5.12,298.68,75.16
2025101516,22.2,1.97,73.68,39.6,5.04,181.4,77.4
2025101517,20.2,1.75,73.73,48.68,4.62,74.48,77.37
2025101518,18.0,3.45,73.8,59.07,3.74,3.17,69.6
2025101519,16.0,5.47,73.85,68.65,2.99,0.0,63.42
2025101520,15.2,6.84,73.88,74.12,2.67,0.0,63.86
2025101521,14.6,8.62,73.94,79.19,2.05,0.0,49.53
2025101522,13.9,5.52,73.98,82.14,1.62,0.0,43.78
2025101523,13.3,3.12,73.95,85.43,1.31,0.0,35.78
2025101600,12.7,1.25,73.91,87.31,1.25,0.0,46.74
2025101601,12.2,0.93,73.84,89.92,1.19,0.0,39.38
2025101602,11.9,0.85,73.8,89.44,1.18,0.0,33.31
2025101603,11.5,0.6,73.77,86.14,0.96,0.0,28.7
2025101604,11.2,0.43,73.77,86.72,0.87,0.0,31.33
2025101605,11.0,0.38,73.8,87.14,0.82,0.0,36.16
2025101606,11.6,0.37,73.83,87.1,0.91,80.54,28.66
2025101607,14.0,0.44,73.9,75.75,1.7,280.76,32.2
2025101608,16.7,0.18,73.93,61.54,2.67,468.55,37.38
2025101609,19.5,0.16,73.94,46.97,3.03,684.36,14.59
2025101610,21.5,0.13,73.94,39.32,3.4,848.25,20.24
2025101611,22.7,0.15,73.88,36.49,3.85,900.79,17.66
2025101612,23.7,0.22,73.79,33.92,4.12,886.51,36.92
2025101613,24.5,0.25,73.72,32.5,4.19,764.58,55.25
2025101614,24.3,0.41,73.64,31.56,4.47,515.88,65.85
2025101615,23.2,0.49,73.6,35.95,4.77,391.12,69.59
2025101616,21.5,0.72,73.62,40.51,4.8,252.43,68.77
2025101617,19.4,0.53,73.68,48.46,4.45,88.19,64.7
2025101618,17.2,1.85,73.75,59.9,3.56,3.4,61.8
2025101619,15.7,2.68,73.83,70.47,2.72,0.0,56.09
2025101620,14.8,3.61,73.86,76.09,2.14,0.0,46.19
2025101621,14.2,2.98,73.9,80.84,1.66,0.0,36.03
2025101622,13.7,2.27,73.91,84.07,1.61,0.0,33.69
2025101623,13.2,1.73,73.89,87.44,1.37,0.0,25.8
2025101700,13.0,2.13,73.84,89.1,1.32,0.0,34.87
2025101701,12.5,1.74,73.78,89.62,1.23,0.0,28.82
2025101702,12.2,1.18,73.73,89.97,1.09,0.0,25.78
2025101703,11.9,1.1,73.69,90.09,0.93,0.0,19.51
2025101704,11.5,0.7,73.71,89.85,0.91,0.0,18.65
2025101705,11.3,0.43,73.72,91.12,0.87,0.0,25.52
2025101706,11.9,0.33,73.75,90.02,0.91,89.33,16.52
2025101707,14.0,0.3,73.8,76.46,1.63,323.54,20.83
2025101708,16.6,0.24,73.87,62.89,2.48,547.59,22.16
2025101709,18.9,0.22,73.86,51.9,2.9,733.39,18.41
2025101710,20.7,0.19,73.86,43.16,3.24,901.88,10.13
2025101711,22.3,0.22,73.79,38.46,3.54,922.71,16.48
2025101712,23.4,0.22,73.69,35.38,3.76,862.65,41.97
2025101713,24.2,0.37,73.61,33.73,4.03,733.7,56.51
2025101714,24.1,0.51,73.52,33.53,4.42,521.38,64.05
2025101715,22.9,0.46,73.53,37.26,4.61,449.18,61.84
2025101716,21.2,0.5,73.56,44.5,4.58,277.24,62.5
2025101717,18.8,0.45,73.63,53.16,4.29,103.49,56.6
2025101718,16.6,1.36,73.74,61.46,3.58,3.88,52.23
2025101719,15.2,1.86,73.84,70.64,2.73,0.0,50.75
2025101720,14.4,1.83,73.9,76.04,2.15,0.0,45.61
2025101721,13.7,1.33,73.93,78.28,1.84,0.0,34.4
2025101722,13.1,1.24,73.92,80.64,1.66,0.0,31.79
2025101723,12.7,0.9,73.9,83.26,1.56,0.0,21.48
2025101800,12.2,0.87,73.85,85.55,1.37,0.0,23.57
2025101801,11.9,0.42,73.8,84.2,1.24,0.0,25.72
2025101802,11.4,0.43,73.74,84.32,1.17,0.0,24.67
2025101803,11.1,0.86,73.7,85.38,1.08,0.0,21.05
2025101804,10.7,1.41,73.71,86.17,1.09,0.0,22.79
2025101805,10.5,1.26,73.72,88.08,1.17,0.0,18.94
2025101806,11.0,0.85,73.75,84.79,1.35,93.36,14.91
2025101807,14.1,1.26,73.81,69.03,1.91,328.69,19.93
2025101808,17.1,0.65,73.88,57.76,2.88,568.74,21.98
2025101809,19.3,0.5,73.87,48.78,3.1,770.27,22.08
2025101810,21.6,0.48,73.82,38.68,3.37,921.07,14.24
2025101811,23.2,0.55,73.78,34.92,3.68,933.76,24.19
2025101812,24.3,0.71,73.71,32.01,3.83,843.42,42.7
2025101813,24.8,0.64,73.64,31.0,4.16,721.98,57.69
2025101814,24.8,0.87,73.56,31.67,4.44,588.65,57.54
2025101815,23.7,1.03,73.53,34.14,4.85,479.21,57.66
2025101816,21.6,1.06,73.54,42.05,4.88,296.9,54.28
2025101817,19.2,1.1,73.59,48.93,4.65,113.2,46.5
2025101818,16.8,1.15,73.72,55.85,4.06,5.04,45.84
2025101819,14.9,1.04,73.81,63.53,3.23,0.0,44.1
2025101820,13.7,0.83,73.87,70.22,2.45,0.0,31.57
2025101821,13.4,1.36,73.91,75.64,2.12,0.0,36.29
2025101822,13.0,0.79,73.91,77.01,1.88,0.0,31.89
2025101823,12.8,0.58,73.87,77.59,1.69,0.0,18.98
2025101900,12.0,0.69,73.84,80.45,1.36,0.0,24.39
2025101901,11.5,0.55,73.79,81.24,1.2,0.0,25.22
2025101902,11.1,0.32,73.74,83.44,1.04,0.0,27.33
2025101903,10.7,0.62,73.73,85.52,1.05,0.0,18.36
2025101904,10.2,1.23,73.72,87.34,1.07,0.0,25.86
2025101905,9.8,1.15,73.73,89.25,1.06,0.0,20.47
2025101906,10.6,0.88,73.77,83.1,1.36,102.36,18.04
2025101907,14.0,1.36,73.81,66.95,1.85,336.96,17.86
2025101908,17.2,0.25,73.86,51.67,2.75,585.45,16.0
2025101909,19.9,0.27,73.84,42.19,3.16,779.89,18.35
2025101910,22.2,0.27,73.82,34.64,3.47,934.52,21.99
2025101911,23.9,0.5,73.75,29.33,3.77,974.25,19.85
2025101912,25.3,0.55,73.69,27.42,4.03,899.4,26.26
2025101913,25.7,0.73,73.59,27.15,4.36,794.21,39.97
2025101914,25.4,0.81,73.52,28.05,4.71,674.52,49.36
2025101915,24.5,1.05,73.51,30.07,5.15,522.16,45.83
2025101916,23.2,1.05,73.51,34.46,5.29,346.38,43.72
2025101917,20.8,0.76,73.56,39.86,5.08,134.78,35.84
2025101918,17.8,0.67,73.64,50.06,4.11,5.18,30.45
2025101919,15.7,1.0,73.7,60.31,3.17,0.0,25.28
2025101920,14.2,0.64,73.8,68.73,2.53,0.0,27.58
2025101921,13.8,1.12,73.86,75.15,2.32,0.0,31.8
2025101922,13.3,0.97,73.87,78.17,2.03,0.0,25.36
2025101923,13.1,0.71,73.83,82.36,1.81,0.0,21.36
2025102000,13.2,0.76,73.79,86.7,1.75,0.0,36.46
2025102001,12.8,2.2,73.74,88.9,1.56,0.0,36.56
2025102002,12.7,2.67,73.68,90.37,1.37,0.0,33.98
2025102003,12.3,1.88,73.66,91.33,1.25,0.0,22.42
2025102004,11.9,1.36,73.67,92.02,1.18,0.0,21.57
2025102005,11.5,1.49,73.69,92.56,1.01,0.0,19.64
2025102006,12.1,2.77,73.74,90.27,1.3,98.5,20.11
2025102007,14.4,2.88,73.8,72.31,2.4,325.73,22.11
2025102008,17.4,2.91,73.82,56.19,2.95,541.08,22.02
2025102009,20.3,2.6,73.8,45.09,3.17,759.42,11.79
2025102010,22.7,2.22,73.77,38.75,3.75,919.84,9.75
2025102011,24.5,1.69,73.73,34.52,4.11,981.38,21.93
2025102012,25.2,1.6,73.67,33.01,4.18,921.74,24.05
2025102013,25.9,1.39,73.58,29.38,4.46,846.07,37.31
2025102014,25.4,0.66,73.53,30.48,4.67,615.36,58.88
2025102015,24.7,0.82,73.5,31.34,4.94,465.92,54.58
2025102016,23.3,1.15,73.49,34.0,5.01,264.12,58.92
2025102017,21.3,1.35,73.56,40.84,4.81,101.82,62.62
2025102018,19.0,1.44,73.61,48.56,4.04,4.8,67.61
2025102019,17.3,2.73,73.7,60.33,3.2,0.0,66.48
2025102020,16.1,3.06,73.76,67.94,2.81,0.0,54.27
2025102021,15.1,2.4,73.79,75.83,2.48,0.0,52.3
2025102022,14.3,2.8,73.82,79.23,2.16,0.0,54.37
2025102023,13.9,1.91,73.79,83.43,2.2,0.0,51.92
2025102100,13.5,1.19,73.64,87.41,2.03,0.0,42.81
2025102101,13.3,1.25,73.63,89.16,1.81,0.0,37.58
2025102102,13.0,1.69,73.59,89.98,1.83,0.0,43.86
2025102103,12.7,1.32,73.58,90.61,1.69,0.0,34.06
2025102104,12.5,1.47,73.58,90.38,1.57,0.0,23.47
2025102105,12.3,1.83,73.63,90.88,1.44,0.0,16.74
2025102106,12.6,3.32,73.71,88.08,1.56,98.24,16.35
2025102107,14.8,3.0,73.76,74.14,2.39,320.37,15.19
2025102108,17.6,2.34,73.79,61.79,3.08,553.03,11.89
2025102109,20.3,2.67,73.79,50.95,3.5,752.75,7.49
2025102110,22.3,2.4,73.76,42.67,3.79,915.04,8.07
2025102111,24.3,2.43,73.72,38.18,4.12,957.58,22.03
2025102112,24.8,2.97,73.64,36.86,4.22,879.53,32.96
2025102113,24.6,1.85,73.59,35.62,4.39,775.25,50.37
2025102114,24.2,1.03,73.53,36.64,4.58,503.64,66.07
2025102115,23.0,1.13,73.51,39.11,4.73,395.89,58.87
2025102116,21.7,1.4,73.5,43.3,4.72,229.75,64.06
2025102117,19.8,2.24,73.56,48.98,4.47,93.17,70.39
2025102118,18.1,2.06,73.64,57.53,3.73,4.79,75.1
2025102119,16.7,3.34,73.72,67.13,2.87,0.0,78.26
2025102120,15.8,4.81,73.76,73.86,2.6,0.0,66.05
2025102121,15.0,3.84,73.79,78.92,2.23,0.0,55.14
2025102122,14.4,1.91,73.79,82.38,2.11,0.0,60.8
2025102123,14.1,0.91,73.77,85.93,2.05,0.0,59.66
2025102200,13.9,1.32,73.67,88.18,1.84,0.0,55.45
2025102201,13.7,1.24,73.65,89.54,1.84,0.0,55.48
2025102202,13.6,1.99,73.61,89.86,2.06,0.0,61.12
2025102203,13.2,1.61,73.59,91.66,2.05,0.0,54.49
2025102204,12.9,1.08,73.59,92.06,2.03,0.0,44.89
2025102205,12.5,1.23,73.66,91.17,1.73,0.0,32.69
2025102206,12.9,1.2,73.73,88.17,1.97,94.85,24.03
2025102207,14.2,1.1,73.77,77.88,2.76,310.12,23.07
2025102208,16.4,2.33,73.8,63.59,3.24,532.31,10.84
2025102209,19.6,1.39,73.78,52.69,3.8,757.33,11.33
2025102210,22.1,0.9,73.77,43.15,4.01,883.73,7.92
2025102211,23.8,0.82,73.72,38.06,4.2,877.76,31.09
2025102212,24.8,0.68,73.65,33.91,4.33,818.26,41.59
2025102213,24.9,1.4,73.58,32.15,4.25,698.03,56.96
2025102214,25.0,0.98,73.51,31.83,4.34,496.36,73.59
2025102215,24.2,0.86,73.47,33.9,4.54,357.3,68.32
2025102216,22.3,0.69,73.46,38.76,4.52,226.17,64.94
2025102217,20.6,0.84,73.5,46.68,4.25,94.48,66.99
2025102218,18.3,0.98,73.59,57.58,3.75,5.11,62.26
2025102219,16.6,1.32,73.66,68.23,3.08,0.0,51.82
2025102220,15.9,1.06,73.69,74.74,2.83,0.0,46.0
2025102221,15.0,1.33,73.74,78.93,2.3,0.0,46.3
2025102222,14.6,1.13,73.75,82.89,2.05,0.0,49.55
2025102223,14.0,0.9,73.73,85.99,2.03,0.0,43.64
2025102300,13.5,1.27,73.63,88.49,1.73,0.0,55.35
2025102301,13.0,2.88,73.58,88.79,1.54,0.0,47.39
2025102302,12.7,6.44,73.54,88.14,1.81,0.0,54.61
2025102303,12.3,7.19,73.52,83.73,1.97,0.0,51.66
2025102304,11.8,2.11,73.53,78.88,1.87,0.0,44.09
2025102305,11.3,2.27,73.57,74.45,1.79,0.0,42.42
2025102306,12.0,2.74,73.63,73.68,2.0,111.7,26.75
2025102307,14.3,1.56,73.68,65.62,2.8,354.51,25.47
2025102308,17.3,1.92,73.72,55.93,3.22,596.28,22.83
2025102309,20.9,1.31,73.72,44.34,3.68,820.21,13.96
2025102310,23.2,1.16,73.71,36.53,4.08,949.26,11.25
2025102311,24.9,1.44,73.64,31.32,4.38,907.02,38.08
2025102312,25.7,1.66,73.57,27.75,4.68,870.1,36.14
2025102313,26.2,1.79,73.49,27.17,4.63,737.56,46.9
2025102314,26.5,0.88,73.4,25.9,4.76,556.47,60.6
2025102315,25.9,0.73,73.37,28.16,5.02,398.97,61.03
2025102316,24.3,0.59,73.37,33.51,4.89,274.93,59.27
2025102317,21.7,0.84,73.42,42.92,4.56,101.87,53.73
2025102318,18.8,1.05,73.53,57.52,4.01,5.6,51.83
2025102319,17.0,1.25,73.59,68.78,3.47,0.0,41.04
2025102320,16.0,1.54,73.65,76.6,3.08,0.0,37.77
2025102321,15.3,2.17,73.7,80.37,2.71,0.0,40.09
2025102322,14.8,3.98,73.73,84.06,2.39,0.0,36.45
2025102323,14.4,4.37,73.71,86.52,2.13,0.0,33.15
2025102400,14.1,2.37,73.63,88.93,1.85,0.0,43.38
2025102401,13.5,2.4,73.58,88.62,1.69,0.0,35.06
2025102402,12.8,2.87,73.53,88.26,1.67,0.0,38.83
2025102403,12.2,3.07,73.5,88.98,1.9,0.0,38.74
2025102404,11.7,2.27,73.52,86.79,1.95,0.0,32.29
2025102405,11.4,2.72,73.58,83.3,2.17,0.0,29.24
2025102406,12.0,1.85,73.61,78.75,2.31,122.67,24.69
2025102407,14.1,1.71,73.69,64.63,2.77,366.18,18.33
2025102408,16.7,3.72,73.73,52.79,3.1,604.35,18.19
2025102409,19.2,5.29,73.74,48.86,3.51,822.23,14.31
2025102410,21.3,6.68,73.72,41.85,3.89,971.52,11.61
2025102411,22.8,8.89,73.66,36.59,4.02,1023.67,21.12
2025102412,23.9,12.44,73.57,33.76,4.0,976.14,32.14
2025102413,24.9,7.53,73.49,30.97,4.34,877.44,41.58
2025102414,25.5,1.34,73.38,30.1,4.63,654.33,60.28
2025102415,24.9,0.89,73.36,30.6,5.21,482.02,58.19
2025102416,23.5,0.76,73.37,36.21,5.23,305.92,55.64
2025102417,21.2,1.31,73.45,47.81,4.88,124.19,52.04
2025102418,18.3,1.35,73.55,61.04,4.14,6.08,46.32
2025102419,16.5,1.79,73.64,71.65,3.14,0.0,38.39
2025102420,15.7,1.67,73.69,78.04,2.69,0.0,50.86
2025102421,15.1,1.97,73.73,81.85,2.11,0.0,54.61
2025102422,14.7,2.6,73.76,84.6,1.72,0.0,46.53
2025102423,14.3,3.38,73.79,87.64,1.39,0.0,37.43
2025102500,13.9,4.14,73.74,89.53,1.3,0.0,43.37
2025102501,13.7,2.76,73.69,89.32,1.36,0.0,34.95
2025102502,13.3,4.88,73.63,91.01,1.31,0.0,36.37
2025102503,13.0,9.88,73.58,90.14,1.44,0.0,43.37
2025102504,12.8,9.53,73.61,89.51,1.56,0.0,43.21
2025102505,12.4,9.24,73.64,88.26,2.1,0.0,45.18
2025102506,12.5,6.31,73.7,82.7,2.18,97.45,37.16
2025102507,13.2,3.15,73.8,72.53,2.71,322.54,28.19
2025102508,14.2,4.14,73.86,67.68,3.44,554.46,29.61
2025102509,16.0,3.04,73.85,60.37,3.57,755.35,21.13
2025102510,18.0,2.77,73.8,51.12,3.32,930.01,21.69
2025102511,20.5,3.37,73.79,44.65,3.38,1026.65,20.86
2025102512,21.4,4.94,73.72,40.59,3.52,995.61,28.2
2025102513,23.0,3.18,73.67,36.94,3.78,877.75,49.66
2025102514,24.1,2.16,73.56,32.87,4.08,579.44,73.63
2025102515,23.8,1.73,73.52,35.11,4.65,396.1,74.0
2025102516,22.1,1.62,73.52,39.23,4.79,263.56,69.11
2025102517,19.7,1.38,73.55,48.17,4.35,103.65,69.62
2025102518,17.7,1.55,73.66,60.05,3.34,5.5,64.62
2025102519,16.2,2.87,73.74,72.0,2.86,0.0,65.14
2025102520,15.4,2.86,73.8,76.81,2.58,0.0,58.64
2025102521,14.6,2.91,73.82,82.18,2.14,0.0,65.7
2025102522,13.7,1.96,73.88,85.54,1.75,0.0,59.77
2025102523,12.8,3.07,73.89,87.03,1.43,0.0,56.5
2025102600,12.4,4.11,73.82,87.79,1.26,0.0,71.52
2025102601,11.8,3.36,73.78,88.36,1.31,0.0,51.58
2025102602,11.3,4.78,73.75,90.52,1.04,0.0,69.48
2025102603,11.0,10.07,73.75,89.61,1.15,0.0,66.72
2025102604,10.6,15.86,73.73,90.73,1.29,0.0,77.24
2025102605,10.3,12.95,73.76,90.2,1.62,0.0,78.78
2025102606,10.4,6.4,73.81,83.44,1.74,90.51,70.93
2025102607,12.8,3.67,73.93,71.65,2.52,280.17,64.92
2025102608,14.0,3.51,73.97,65.78,3.25,479.5,59.98
2025102609,16.4,2.03,73.96,57.26,3.3,684.68,42.75
2025102610,18.5,1.43,73.92,49.42,2.89,871.93,53.77
2025102611,20.8,2.5,73.86,43.42,2.57,978.18,34.45
2025102612,21.6,3.35,73.81,40.31,3.0,963.56,34.95
2025102613,22.7,2.33,73.73,37.09,3.52,813.92,63.85
2025102614,23.0,2.06,73.66,34.98,4.14,632.44,69.73
2025102615,22.5,2.59,73.63,39.31,4.76,411.99,68.72
2025102616,21.0,2.36,73.64,43.36,4.95,276.43,60.6
2025102617,18.7,1.69,73.65,53.91,4.59,115.18,59.16
2025102618,16.4,1.64,73.71,65.81,3.57,6.3,48.65
2025102619,14.6,3.52,73.81,73.9,2.93,0.0,41.78
2025102620,13.8,4.19,73.89,79.01,2.67,0.0,38.4
2025102621,13.2,2.76,73.92,82.91,2.49,0.0,47.54
2025102622,12.7,2.11,73.94,84.85,2.21,0.0,47.38
2025102623,12.5,2.19,73.94,85.75,1.91,0.0,57.59
2025102700,12.9,0.95,73.87,86.66,1.72,0.0,77.48
2025102701,12.5,5.28,73.82,87.77,1.61,0.0,68.06
2025102702,12.3,5.06,73.76,88.46,1.44,0.0,65.46
2025102703,11.8,4.33,73.75,88.2,1.4,0.0,38.95
2025102704,11.4,3.92,73.77,87.96,1.23,0.0,47.43
2025102705,11.0,2.53,73.81,83.36,1.26,0.0,52.58
2025102706,11.6,2.16,73.84,80.66,1.51,103.77,54.07
2025102707,13.6,1.62,73.9,70.9,2.13,296.77,49.33
2025102708,16.2,1.8,73.94,58.41,2.52,514.01,42.68
2025102709,19.1,1.65,73.94,50.56,3.09,738.62,36.36
2025102710,20.9,2.39,73.9,43.56,3.58,907.81,18.94
2025102711,22.6,3.62,73.84,39.98,4.02,960.78,29.77
2025102712,23.5,3.94,73.77,37.12,4.42,945.05,34.02
2025102713,24.3,2.73,73.68,34.61,4.7,819.68,45.91
2025102714,24.0,1.07,73.6,34.58,4.94,578.16,64.2
2025102715,23.7,0.9,73.6,38.32,5.04,353.78,70.97
2025102716,22.4,1.33,73.58,41.75,5.07,218.96,73.86
2025102717,19.7,1.27,73.65,48.31,4.66,100.43,72.4
2025102718,17.5,1.38,73.72,60.25,3.73,6.63,72.6
2025102719,16.0,1.97,73.8,69.81,3.2,0.0,72.12
2025102720,15.0,2.58,73.85,74.78,2.91,0.0,60.12
2025102721,14.3,1.89,73.89,80.38,2.57,0.0,54.87
2025102722,14.2,1.83,73.9,83.03,2.22,0.0,50.59
2025102723,14.1,1.53,73.9,84.49,2.16,0.0,68.58
2025102800,13.3,0.5,73.89,88.39,1.85,0.0,79.54
2025102801,13.1,0.83,73.84,90.14,1.66,0.0,69.42
2025102802,13.0,0.96,73.76,89.12,1.5,0.0,65.11
2025102803,12.9,0.94,73.76,89.55,1.54,0.0,48.24
2025102804,12.8,3.72,73.78,88.49,1.46,0.0,50.77
2025102805,12.5,2.46,73.82,87.3,1.39,0.0,51.36
2025102806,12.8,1.21,73.88,82.9,1.91,106.38,45.09
2025102807,13.6,0.61,73.89,74.67,2.54,297.27,42.15
2025102808,15.9,2.51,73.96,60.7,2.98,503.32,37.44
2025102809,18.8,2.52,73.95,50.54,3.35,734.41,29.98
2025102810,20.5,3.01,73.91,46.07,3.89,908.32,9.14
2025102811,21.7,4.1,73.88,43.28,4.15,962.97,22.89
2025102812,23.1,4.9,73.8,40.4,4.53,904.49,43.59
2025102813,23.4,3.19,73.73,39.75,4.74,779.46,62.16
2025102814,23.2,1.57,73.67,39.87,5.03,516.75,73.22
2025102815,22.0,1.43,73.62,46.32,5.02,326.17,78.26
2025102816,20.4,1.83,73.6,52.98,4.85,209.78,78.05
2025102817,18.4,2.56,73.62,59.54,4.37,98.12,77.23
2025102818,16.7,2.52,73.7,71.16,3.41,6.89,76.35
2025102819,15.3,3.12,73.79,79.34,2.84,0.0,76.38
2025102820,14.6,4.12,73.83,83.59,2.5,0.0,65.79
2025102821,13.9,3.71,73.88,86.82,2.13,0.0,54.13
2025102822,13.6,1.91,73.88,90.27,1.8,0.0,49.31
2025102823,13.5,1.24,73.85,91.51,1.6,0.0,71.85
2025102900,13.3,0.81,73.87,90.59,1.37,0.0,76.96
2025102901,13.1,1.03,73.82,92.66,1.33,0.0,67.97
2025102902,13.1,0.75,73.77,91.83,1.51,0.0,66.52
2025102903,13.1,1.18,73.77,91.44,1.73,0.0,60.1
2025102904,12.9,4.03,73.78,90.86,1.54,0.0,62.3
2025102905,12.5,2.85,73.82,91.5,1.38,0.0,55.78
2025102906,12.8,1.44,73.89,85.54,1.98,105.57,48.03
2025102907,14.2,0.91,73.9,76.32,2.69,296.69,40.98
2025102908,16.4,2.1,73.94,61.38,2.98,504.67,36.54
2025102909,18.7,1.77,73.93,50.25,3.44,733.08,28.3
2025102910,20.9,1.97,73.9,45.12,3.92,904.91,8.58
2025102911,21.9,2.41,73.84,42.08,4.25,961.97,22.96
2025102912,23.3,3.02,73.78,39.94,4.55,901.2,50.03
2025102913,24.2,2.68,73.68,38.77,4.66,766.14,61.77
2025102914,24.1,2.55,73.61,39.21,4.99,528.44,72.06
2025102915,22.8,2.16,73.56,43.25,4.91,362.19,78.05
2025102916,21.0,2.28,73.56,48.35,4.76,229.87,72.29
2025102917,18.7,2.96,73.58,55.57,4.36,98.99,67.7
2025102918,16.8,3.28,73.63,68.06,3.48,6.58,63.14
2025102919,15.3,3.52,73.72,77.93,2.83,0.0,58.25
2025102920,14.3,4.08,73.75,83.81,2.45,0.0,57.08
2025102921,13.9,4.04,73.81,87.27,2.06,0.0,48.31
2025102922,13.6,3.01,73.83,90.67,1.74,0.0,37.72
2025102923,13.5,1.95,73.8,92.76,1.56,0.0,55.76
2025103000,13.3,1.54,73.83,92.2,1.12,0.0,73.47
2025103001,13.1,1.3,73.75,92.98,1.04,0.0,59.27
2025103002,12.9,1.04,73.71,91.93,1.53,0.0,64.69
2025103003,13.0,1.69,73.74,90.47,1.91,0.0,53.66
2025103004,12.8,4.78,73.74,88.47,1.59,0.0,53.46
2025103005,12.3,3.01,73.76,88.19,1.36,0.0,41.54
2025103006,12.5,2.36,73.8,84.48,1.89,108.54,38.7
2025103007,13.9,2.74,73.87,73.59,2.62,303.17,37.65
2025103008,16.2,2.42,73.87,60.54,3.17,509.26,31.92
2025103009,19.1,2.24,73.88,51.47,3.48,732.02,18.84
2025103010,21.3,2.47,73.85,43.12,3.97,927.84,11.98
2025103011,22.6,3.03,73.78,40.05,4.34,975.58,17.18
2025103012,23.9,3.25,73.71,38.66,4.74,914.41,50.01
2025103013,24.4,3.12,73.6,36.65,4.95,797.02,56.99
2025103014,24.4,3.14,73.52,37.47,5.1,559.82,67.43
2025103015,22.8,2.34,73.46,41.43,4.98,418.48,71.26
2025103016,21.6,2.38,73.42,46.74,4.75,262.57,64.24
2025103017,19.2,2.84,73.47,53.82,4.26,108.07,58.27
2025103018,17.0,3.32,73.56,66.58,3.45,6.92,52.4
2025103019,15.4,3.95,73.67,75.93,2.79,0.0,48.17
2025103020,14.4,4.56,73.68,82.86,2.1,0.0,51.75
2025103021,13.8,4.94,73.73,87.57,1.8,0.0,44.18
2025103022,13.7,4.68,73.73,90.84,1.65,0.0,32.76
2025103023,13.6,4.51,73.71,92.35,1.49,0.0,32.23
2025103100,14.0,4.79,73.79,91.68,1.35,0.0,51.82
2025103101,13.8,4.39,73.72,92.0,1.24,0.0,44.89
2025103102,13.5,6.51,73.69,93.26,1.72,0.0,56.82
2025103103,13.2,5.67,73.68,88.52,1.82,0.0,55.87
2025103104,13.1,6.62,73.71,88.97,1.49,0.0,44.83
2025103105,12.7,6.43,73.73,88.29,1.47,0.0,40.79
2025103106,12.7,8.42,73.79,88.49,1.93,113.09,31.84
2025103107,13.4,13.89,73.84,78.53,2.57,329.21,27.49
2025103108,15.5,4.44,73.85,66.55,3.37,556.61,28.17
2025103109,17.3,3.05,73.84,55.04,3.76,779.44,25.96
2025103110,19.6,2.48,73.8,49.59,4.15,939.06,14.67
2025103111,21.2,2.99,73.74,44.22,3.99,981.64,21.87
2025103112,21.6,3.23,73.65,41.38,4.33,915.4,46.31
2025103113,21.9,2.8,73.54,39.83,4.54,808.79,56.47
2025103114,21.7,2.29,73.44,40.69,4.69,566.35,68.42
2025103115,21.3,2.19,73.39,42.81,4.81,426.79,69.21
2025103116,20.1,2.29,73.35,48.52,4.64,276.59,62.59
2025103117,18.5,2.76,73.42,55.12,4.13,109.5,56.75
2025103118,16.4,2.85,73.54,67.39,3.38,6.97,49.69
2025103119,15.1,3.38,73.59,75.56,2.67,0.0,43.85
2025103120,14.2,3.81,73.64,79.98,2.12,0.0,58.0
2025103121,13.7,4.32,73.69,84.48,1.66,0.0,50.72
2025103122,13.6,4.03,73.71,87.06,1.5,0.0,48.37
2025103123,13.5,3.32,73.69,89.07,1.29,0.0,38.68
